Species_name,Species_number,Lon,Lat,Year,CoordinateUncertaintyInMeters,Database,OriginalSource,geodeticDatum
Amblyomma americanum,1,-89.868,40.473,2018,10,UIUCVetMed,BlitzDrags,WGS84
Amblyomma americanum,1,-89.868,40.473,2018,10,UIUCVetMed,BlitzDrags,WGS84
Amblyomma americanum,1,-89.868,40.473,2018,10,UIUCVetMed,BlitzDrags,WGS84
Amblyomma americanum,1,-89.868,40.473,2018,10,UIUCVetMed,BlitzDrags,WGS84
Amblyomma americanum,1,-89.868,40.473,2018,10,UIUCVetMed,BlitzDrags,WGS84
Amblyomma americanum,1,-89.868,40.473,2018,10,UIUCVetMed,BlitzDrags,WGS84
Amblyomma americanum,1,-89.868,40.473,2018,10,UIUCVetMed,BlitzDrags,WGS84
Amblyomma americanum,1,-89.868,40.473,2018,10,UIUCVetMed,BlitzDrags,WGS84
Amblyomma americanum,1,-89.868,40.473,2018,10,UIUCVetMed,BlitzDrags,WGS84
Amblyomma americanum,1,-89.868,40.473,2018,10,UIUCVetMed,BlitzDrags,WGS84
Amblyomma americanum,1,-89.868,40.473,2018,10,UIUCVetMed,BlitzDrags,WGS84
Amblyomma americanum,1,-89.868,40.473,2018,10,UIUCVetMed,BlitzDrags,WGS84
Amblyomma americanum,1,-89.868,40.473,2018,10,UIUCVetMed,BlitzDrags,WGS84
Amblyomma americanum,1,-88.56486,40.066638,2018,10,UIUCVetMed,BlitzDrags,WGS84
Amblyomma americanum,1,-90.756389,39.6330556,2018,10,UIUCVetMed,BlitzDrags,WGS84
Amblyomma americanum,1,-88.109444,39.3025,2018,10,UIUCVetMed,BlitzDrags,WGS84
Amblyomma americanum,1,-90.6583,39.1733,2018,10,UIUCVetMed,BlitzDrags,WGS84
Amblyomma americanum,1,-90.6583,39.1733,2018,10,UIUCVetMed,BlitzDrags,WGS84
Amblyomma americanum,1,-90.6583,39.1733,2018,10,UIUCVetMed,BlitzDrags,WGS84
Amblyomma americanum,1,-90.6583,39.1733,2018,10,UIUCVetMed,BlitzDrags,WGS84
Amblyomma americanum,1,-90.6583,39.1733,2018,10,UIUCVetMed,BlitzDrags,WGS84
Amblyomma americanum,1,-90.6583,39.1733,2018,10,UIUCVetMed,BlitzDrags,WGS84
Amblyomma americanum,1,-90.6583,39.1733,2018,10,UIUCVetMed,BlitzDrags,WGS84
Amblyomma americanum,1,-88.540036,38.664238,2018,10,UIUCVetMed,BlitzDrags,WGS84
Amblyomma americanum,1,-88.540036,38.664238,2018,10,UIUCVetMed,BlitzDrags,WGS84
Amblyomma americanum,1,-88.540036,38.664238,2018,10,UIUCVetMed,BlitzDrags,WGS84
Amblyomma americanum,1,-90.53724,38.97792,2018,10,UIUCVetMed,BlitzDrags,WGS84
Amblyomma americanum,1,-90.53724,38.97792,2018,10,UIUCVetMed,BlitzDrags,WGS84
Amblyomma americanum,1,-90.53724,38.97792,2018,10,UIUCVetMed,BlitzDrags,WGS84
Amblyomma americanum,1,-90.53724,38.97792,2018,10,UIUCVetMed,BlitzDrags,WGS84
Amblyomma americanum,1,-88.707174,39.0665247,2018,10,UIUCVetMed,BlitzDrags,WGS84
Amblyomma americanum,1,-88.707174,39.0665247,2018,10,UIUCVetMed,BlitzDrags,WGS84
Amblyomma americanum,1,-89.319935,38.665725,2018,10,UIUCVetMed,BlitzDrags,WGS84
Amblyomma americanum,1,-89.319935,38.665725,2018,10,UIUCVetMed,BlitzDrags,WGS84
Amblyomma americanum,1,-89.319935,38.665725,2018,10,UIUCVetMed,BlitzDrags,WGS84
Amblyomma americanum,1,-89.319935,38.665725,2018,10,UIUCVetMed,BlitzDrags,WGS84
Amblyomma americanum,1,-89.319935,38.665725,2018,10,UIUCVetMed,BlitzDrags,WGS84
Amblyomma americanum,1,-89.319935,38.665725,2018,10,UIUCVetMed,BlitzDrags,WGS84
Amblyomma americanum,1,-89.319935,38.665725,2018,10,UIUCVetMed,BlitzDrags,WGS84
Amblyomma americanum,1,-87.909491,38.3077205,2018,10,UIUCVetMed,BlitzDrags,WGS84
Amblyomma americanum,1,-87.909491,38.3077205,2018,10,UIUCVetMed,BlitzDrags,WGS84
Amblyomma americanum,1,-89.3379,38.2815,2018,10,UIUCVetMed,BlitzDrags,WGS84
Amblyomma americanum,1,-89.3379,38.2815,2018,10,UIUCVetMed,BlitzDrags,WGS84
Amblyomma americanum,1,-89.3379,38.2815,2018,10,UIUCVetMed,BlitzDrags,WGS84
Amblyomma americanum,1,-89.3379,38.2815,2018,10,UIUCVetMed,BlitzDrags,WGS84
Amblyomma americanum,1,-89.3379,38.2815,2018,10,UIUCVetMed,BlitzDrags,WGS84
Amblyomma americanum,1,-89.798889,37.9694444,2018,10,UIUCVetMed,BlitzDrags,WGS84
Amblyomma americanum,1,-89.798889,37.9694444,2018,10,UIUCVetMed,BlitzDrags,WGS84
Amblyomma americanum,1,-89.414167,38.0108333,2018,10,UIUCVetMed,BlitzDrags,WGS84
Amblyomma americanum,1,-89.414167,38.0108333,2018,10,UIUCVetMed,BlitzDrags,WGS84
Amblyomma americanum,1,-89.414167,38.0108333,2018,10,UIUCVetMed,BlitzDrags,WGS84
Amblyomma americanum,1,-89.414167,38.0108333,2018,10,UIUCVetMed,BlitzDrags,WGS84
Amblyomma americanum,1,-89.414167,38.0108333,2018,10,UIUCVetMed,BlitzDrags,WGS84
Amblyomma americanum,1,-89.414167,38.0108333,2018,10,UIUCVetMed,BlitzDrags,WGS84
Amblyomma americanum,1,-89.414167,38.0108333,2018,10,UIUCVetMed,BlitzDrags,WGS84
Amblyomma americanum,1,-88.946944,38.0938889,2018,10,UIUCVetMed,BlitzDrags,WGS84
Amblyomma americanum,1,-88.946944,38.0938889,2018,10,UIUCVetMed,BlitzDrags,WGS84
Amblyomma americanum,1,-88.946944,38.0938889,2018,10,UIUCVetMed,BlitzDrags,WGS84
Amblyomma americanum,1,-88.946944,38.0938889,2018,10,UIUCVetMed,BlitzDrags,WGS84
Amblyomma americanum,1,-88.946944,38.0938889,2018,10,UIUCVetMed,BlitzDrags,WGS84
Amblyomma americanum,1,-88.946944,38.0938889,2018,10,UIUCVetMed,BlitzDrags,WGS84
Amblyomma americanum,1,-88.946944,38.0938889,2018,10,UIUCVetMed,BlitzDrags,WGS84
Amblyomma americanum,1,-89.383889,37.7786111,2018,10,UIUCVetMed,BlitzDrags,WGS84
Amblyomma americanum,1,-89.383889,37.7786111,2018,10,UIUCVetMed,BlitzDrags,WGS84
Amblyomma americanum,1,-89.383889,37.7786111,2018,10,UIUCVetMed,BlitzDrags,WGS84
Amblyomma americanum,1,-89.383889,37.7786111,2018,10,UIUCVetMed,BlitzDrags,WGS84
Amblyomma americanum,1,-89.383889,37.7786111,2018,10,UIUCVetMed,BlitzDrags,WGS84
Amblyomma americanum,1,-89.383889,37.7786111,2018,10,UIUCVetMed,BlitzDrags,WGS84
Amblyomma americanum,1,-89.383889,37.7786111,2018,10,UIUCVetMed,BlitzDrags,WGS84
Amblyomma americanum,1,-89.383889,37.7786111,2018,10,UIUCVetMed,BlitzDrags,WGS84
Amblyomma americanum,1,-89.383889,37.7786111,2018,10,UIUCVetMed,BlitzDrags,WGS84
Amblyomma americanum,1,-89.383889,37.7786111,2018,10,UIUCVetMed,BlitzDrags,WGS84
Amblyomma americanum,1,-89.383889,37.7786111,2018,10,UIUCVetMed,BlitzDrags,WGS84
Amblyomma americanum,1,-89.383889,37.7786111,2018,10,UIUCVetMed,BlitzDrags,WGS84
Amblyomma americanum,1,-89.383889,37.7786111,2018,10,UIUCVetMed,BlitzDrags,WGS84
Amblyomma americanum,1,-89.383889,37.7786111,2018,10,UIUCVetMed,BlitzDrags,WGS84
Amblyomma americanum,1,-89.383889,37.7786111,2018,10,UIUCVetMed,BlitzDrags,WGS84
Amblyomma americanum,1,-89.383889,37.7786111,2018,10,UIUCVetMed,BlitzDrags,WGS84
Amblyomma americanum,1,-89.383889,37.7786111,2018,10,UIUCVetMed,BlitzDrags,WGS84
Amblyomma americanum,1,-89.383889,37.7786111,2018,10,UIUCVetMed,BlitzDrags,WGS84
Amblyomma americanum,1,-89.383889,37.7786111,2018,10,UIUCVetMed,BlitzDrags,WGS84
Amblyomma americanum,1,-89.383889,37.7786111,2018,10,UIUCVetMed,BlitzDrags,WGS84
Amblyomma americanum,1,-89.383889,37.7786111,2018,10,UIUCVetMed,BlitzDrags,WGS84
Amblyomma americanum,1,-89.383889,37.7786111,2018,10,UIUCVetMed,BlitzDrags,WGS84
Amblyomma americanum,1,-89.383889,37.7786111,2018,10,UIUCVetMed,BlitzDrags,WGS84
Amblyomma americanum,1,-89.383889,37.7786111,2018,10,UIUCVetMed,BlitzDrags,WGS84
Amblyomma americanum,1,-89.383889,37.7786111,2018,10,UIUCVetMed,BlitzDrags,WGS84
Amblyomma americanum,1,-89.383889,37.7786111,2018,10,UIUCVetMed,BlitzDrags,WGS84
Amblyomma americanum,1,-88.384599,37.604879,2018,10,UIUCVetMed,BlitzDrags,WGS84
Amblyomma americanum,1,-88.384599,37.604879,2018,10,UIUCVetMed,BlitzDrags,WGS84
Amblyomma americanum,1,-88.384599,37.604879,2018,10,UIUCVetMed,BlitzDrags,WGS84
Amblyomma americanum,1,-88.384599,37.604879,2018,10,UIUCVetMed,BlitzDrags,WGS84
Amblyomma americanum,1,-88.384599,37.604879,2018,10,UIUCVetMed,BlitzDrags,WGS84
Amblyomma americanum,1,-88.384599,37.604879,2018,10,UIUCVetMed,BlitzDrags,WGS84
Amblyomma americanum,1,-88.384599,37.604879,2018,10,UIUCVetMed,BlitzDrags,WGS84
Amblyomma americanum,1,-88.384599,37.604879,2018,10,UIUCVetMed,BlitzDrags,WGS84
Amblyomma americanum,1,-88.384599,37.604879,2018,10,UIUCVetMed,BlitzDrags,WGS84
Amblyomma americanum,1,-88.384599,37.604879,2018,10,UIUCVetMed,BlitzDrags,WGS84
Amblyomma americanum,1,-88.197762,38.10046,2018,10,UIUCVetMed,BlitzDrags,WGS84
Amblyomma americanum,1,-89.12563,37.2241768,2018,10,UIUCVetMed,BlitzDrags,WGS84
Amblyomma americanum,1,-89.12563,37.2241768,2018,10,UIUCVetMed,BlitzDrags,WGS84
Amblyomma americanum,1,-89.12563,37.2241768,2018,10,UIUCVetMed,BlitzDrags,WGS84
Amblyomma americanum,1,-89.12563,37.2241768,2018,10,UIUCVetMed,BlitzDrags,WGS84
Amblyomma americanum,1,-89.12563,37.2241768,2018,10,UIUCVetMed,BlitzDrags,WGS84
Amblyomma americanum,1,-89.12563,37.2241768,2018,10,UIUCVetMed,BlitzDrags,WGS84
Amblyomma americanum,1,-89.12563,37.2241768,2018,10,UIUCVetMed,BlitzDrags,WGS84
Amblyomma americanum,1,-89.12563,37.2241768,2018,10,UIUCVetMed,BlitzDrags,WGS84
Amblyomma americanum,1,-89.12563,37.2241768,2018,10,UIUCVetMed,BlitzDrags,WGS84
Amblyomma americanum,1,-89.12563,37.2241768,2018,10,UIUCVetMed,BlitzDrags,WGS84
Amblyomma americanum,1,-89.12563,37.2241768,2018,10,UIUCVetMed,BlitzDrags,WGS84
Amblyomma americanum,1,-89.12563,37.2241768,2018,10,UIUCVetMed,BlitzDrags,WGS84
Amblyomma americanum,1,-89.12563,37.2241768,2018,10,UIUCVetMed,BlitzDrags,WGS84
Amblyomma americanum,1,-89.12563,37.2241768,2018,10,UIUCVetMed,BlitzDrags,WGS84
Amblyomma americanum,1,-89.12563,37.2241768,2018,10,UIUCVetMed,BlitzDrags,WGS84
Amblyomma americanum,1,-89.12563,37.2241768,2018,10,UIUCVetMed,BlitzDrags,WGS84
Amblyomma americanum,1,-89.12563,37.2241768,2018,10,UIUCVetMed,BlitzDrags,WGS84
Amblyomma americanum,1,-89.12563,37.2241768,2018,10,UIUCVetMed,BlitzDrags,WGS84
Amblyomma americanum,1,-89.12563,37.2241768,2018,10,UIUCVetMed,BlitzDrags,WGS84
Amblyomma americanum,1,-89.12563,37.2241768,2018,10,UIUCVetMed,BlitzDrags,WGS84
Amblyomma americanum,1,-89.12563,37.2241768,2018,10,UIUCVetMed,BlitzDrags,WGS84
Amblyomma americanum,1,-89.12563,37.2241768,2018,10,UIUCVetMed,BlitzDrags,WGS84
Amblyomma americanum,1,-89.12563,37.2241768,2018,10,UIUCVetMed,BlitzDrags,WGS84
Amblyomma americanum,1,-89.12563,37.2241768,2018,10,UIUCVetMed,BlitzDrags,WGS84
Amblyomma americanum,1,-89.12563,37.2241768,2018,10,UIUCVetMed,BlitzDrags,WGS84
Amblyomma americanum,1,-89.36505,37.2080105,2018,10,UIUCVetMed,BlitzDrags,WGS84
Amblyomma americanum,1,-89.36505,37.2080105,2018,10,UIUCVetMed,BlitzDrags,WGS84
Amblyomma americanum,1,-89.36505,37.2080105,2018,10,UIUCVetMed,BlitzDrags,WGS84
Amblyomma americanum,1,-89.36505,37.2080105,2018,10,UIUCVetMed,BlitzDrags,WGS84
Amblyomma americanum,1,-89.36505,37.2080105,2018,10,UIUCVetMed,BlitzDrags,WGS84
Amblyomma americanum,1,-88.27825,37.6022222,2018,10,UIUCVetMed,BlitzDrags,WGS84
Amblyomma americanum,1,-88.27825,37.6022222,2018,10,UIUCVetMed,BlitzDrags,WGS84
Amblyomma americanum,1,-88.27825,37.6022222,2018,10,UIUCVetMed,BlitzDrags,WGS84
Amblyomma americanum,1,-88.27825,37.6022222,2018,10,UIUCVetMed,BlitzDrags,WGS84
Amblyomma americanum,1,-88.27825,37.6022222,2018,10,UIUCVetMed,BlitzDrags,WGS84
Amblyomma americanum,1,-88.27825,37.6022222,2018,10,UIUCVetMed,BlitzDrags,WGS84
Amblyomma americanum,1,-88.27825,37.6022222,2018,10,UIUCVetMed,BlitzDrags,WGS84
Amblyomma americanum,1,-88.27825,37.6022222,2018,10,UIUCVetMed,BlitzDrags,WGS84
Amblyomma americanum,1,-88.27825,37.6022222,2018,10,UIUCVetMed,BlitzDrags,WGS84
Amblyomma americanum,1,-88.27825,37.6022222,2018,10,UIUCVetMed,BlitzDrags,WGS84
Amblyomma americanum,1,-88.27825,37.6022222,2018,10,UIUCVetMed,BlitzDrags,WGS84
Amblyomma americanum,1,-88.27825,37.6022222,2018,10,UIUCVetMed,BlitzDrags,WGS84
Amblyomma americanum,1,-88.27825,37.6022222,2018,10,UIUCVetMed,BlitzDrags,WGS84
Amblyomma americanum,1,-88.27825,37.6022222,2018,10,UIUCVetMed,BlitzDrags,WGS84
Amblyomma americanum,1,-88.909722,37.8266667,2018,10,UIUCVetMed,BlitzDrags,WGS84
Amblyomma americanum,1,-88.909722,37.8266667,2018,10,UIUCVetMed,BlitzDrags,WGS84
Amblyomma americanum,1,-88.909722,37.8266667,2018,10,UIUCVetMed,BlitzDrags,WGS84
Amblyomma americanum,1,-88.909722,37.8266667,2018,10,UIUCVetMed,BlitzDrags,WGS84
Amblyomma americanum,1,-88.909722,37.8266667,2018,10,UIUCVetMed,BlitzDrags,WGS84
Amblyomma americanum,1,-88.909722,37.8266667,2018,10,UIUCVetMed,BlitzDrags,WGS84
Amblyomma americanum,1,-88.909722,37.8266667,2018,10,UIUCVetMed,BlitzDrags,WGS84
Amblyomma americanum,1,-88.909722,37.8266667,2018,10,UIUCVetMed,BlitzDrags,WGS84
Amblyomma americanum,1,-88.909722,37.8266667,2018,10,UIUCVetMed,BlitzDrags,WGS84
Amblyomma americanum,1,-88.909722,37.8266667,2018,10,UIUCVetMed,BlitzDrags,WGS84
Amblyomma americanum,1,-88.909722,37.8266667,2018,10,UIUCVetMed,BlitzDrags,WGS84
Amblyomma americanum,1,-88.909722,37.8266667,2018,10,UIUCVetMed,BlitzDrags,WGS84
Amblyomma americanum,1,-88.909722,37.8266667,2018,10,UIUCVetMed,BlitzDrags,WGS84
Amblyomma americanum,1,-88.909722,37.8266667,2018,10,UIUCVetMed,BlitzDrags,WGS84
Amblyomma americanum,1,-88.909722,37.8266667,2018,10,UIUCVetMed,BlitzDrags,WGS84
Amblyomma americanum,1,-88.909722,37.8266667,2018,10,UIUCVetMed,BlitzDrags,WGS84
Amblyomma americanum,1,-88.909722,37.8266667,2018,10,UIUCVetMed,BlitzDrags,WGS84
Amblyomma americanum,1,-88.909722,37.8266667,2018,10,UIUCVetMed,BlitzDrags,WGS84
Amblyomma americanum,1,-88.909722,37.8266667,2018,10,UIUCVetMed,BlitzDrags,WGS84
Amblyomma americanum,1,-88.909722,37.8266667,2018,10,UIUCVetMed,BlitzDrags,WGS84
Amblyomma americanum,1,-88.909722,37.8266667,2018,10,UIUCVetMed,BlitzDrags,WGS84
Amblyomma americanum,1,-88.909722,37.8266667,2018,10,UIUCVetMed,BlitzDrags,WGS84
Amblyomma americanum,1,-88.909722,37.8266667,2018,10,UIUCVetMed,BlitzDrags,WGS84
Amblyomma americanum,1,-88.909722,37.8266667,2018,10,UIUCVetMed,BlitzDrags,WGS84
Amblyomma americanum,1,-88.909722,37.8266667,2018,10,UIUCVetMed,BlitzDrags,WGS84
Amblyomma americanum,1,-88.909722,37.8266667,2018,10,UIUCVetMed,BlitzDrags,WGS84
Amblyomma americanum,1,-88.909722,37.8266667,2018,10,UIUCVetMed,BlitzDrags,WGS84
Amblyomma americanum,1,-88.909722,37.8266667,2018,10,UIUCVetMed,BlitzDrags,WGS84
Amblyomma americanum,1,-88.909722,37.8266667,2018,10,UIUCVetMed,BlitzDrags,WGS84
Amblyomma americanum,1,-88.909722,37.8266667,2018,10,UIUCVetMed,BlitzDrags,WGS84
Amblyomma americanum,1,-88.909722,37.8266667,2018,10,UIUCVetMed,BlitzDrags,WGS84
Amblyomma americanum,1,-88.909722,37.8266667,2018,10,UIUCVetMed,BlitzDrags,WGS84
Amblyomma americanum,1,-88.909722,37.8266667,2018,10,UIUCVetMed,BlitzDrags,WGS84
Amblyomma americanum,1,-88.909722,37.8266667,2018,10,UIUCVetMed,BlitzDrags,WGS84
Amblyomma americanum,1,-88.909722,37.8266667,2018,10,UIUCVetMed,BlitzDrags,WGS84
Amblyomma americanum,1,-88.909722,37.8266667,2018,10,UIUCVetMed,BlitzDrags,WGS84
Amblyomma americanum,1,-88.909722,37.8266667,2018,10,UIUCVetMed,BlitzDrags,WGS84
Amblyomma americanum,1,-88.909722,37.8266667,2018,10,UIUCVetMed,BlitzDrags,WGS84
Amblyomma americanum,1,-88.976667,37.5363889,2018,10,UIUCVetMed,BlitzDrags,WGS84
Amblyomma americanum,1,-88.976667,37.5363889,2018,10,UIUCVetMed,BlitzDrags,WGS84
Amblyomma americanum,1,-88.976667,37.5363889,2018,10,UIUCVetMed,BlitzDrags,WGS84
Amblyomma americanum,1,-88.976667,37.5363889,2018,10,UIUCVetMed,BlitzDrags,WGS84
Amblyomma americanum,1,-88.976667,37.5363889,2018,10,UIUCVetMed,BlitzDrags,WGS84
Amblyomma americanum,1,-88.976667,37.5363889,2018,10,UIUCVetMed,BlitzDrags,WGS84
Amblyomma americanum,1,-88.976667,37.5363889,2018,10,UIUCVetMed,BlitzDrags,WGS84
Amblyomma americanum,1,-88.976667,37.5363889,2018,10,UIUCVetMed,BlitzDrags,WGS84
Amblyomma americanum,1,-88.404132,38.06255,2018,10,UIUCVetMed,BlitzDrags,WGS84
Amblyomma americanum,1,-88.404132,38.06255,2018,10,UIUCVetMed,BlitzDrags,WGS84
Amblyomma americanum,1,-88.404132,38.06255,2018,10,UIUCVetMed,BlitzDrags,WGS84
Amblyomma americanum,1,-88.404132,38.06255,2018,10,UIUCVetMed,BlitzDrags,WGS84
Amblyomma americanum,1,-88.404132,38.06255,2018,10,UIUCVetMed,BlitzDrags,WGS84
Amblyomma americanum,1,-88.404132,38.06255,2018,10,UIUCVetMed,BlitzDrags,WGS84
Amblyomma americanum,1,-88.404132,38.06255,2018,10,UIUCVetMed,BlitzDrags,WGS84
Amblyomma americanum,1,-88.404132,38.06255,2018,10,UIUCVetMed,BlitzDrags,WGS84
Amblyomma americanum,1,-88.404132,38.06255,2018,10,UIUCVetMed,BlitzDrags,WGS84
Amblyomma americanum,1,-88.404132,38.06255,2018,10,UIUCVetMed,BlitzDrags,WGS84
Amblyomma americanum,1,-88.404132,38.06255,2018,10,UIUCVetMed,BlitzDrags,WGS84
Amblyomma americanum,1,-88.381849,37.5879674,2018,10,UIUCVetMed,BlitzDrags,WGS84
Amblyomma americanum,1,-88.381849,37.5879674,2018,10,UIUCVetMed,BlitzDrags,WGS84
Amblyomma americanum,1,-88.381849,37.5879674,2018,10,UIUCVetMed,BlitzDrags,WGS84
Amblyomma americanum,1,-88.381849,37.5879674,2018,10,UIUCVetMed,BlitzDrags,WGS84
Amblyomma americanum,1,-88.381849,37.5879674,2018,10,UIUCVetMed,BlitzDrags,WGS84
Amblyomma americanum,1,-88.381849,37.5879674,2018,10,UIUCVetMed,BlitzDrags,WGS84
Amblyomma americanum,1,-88.381849,37.5879674,2018,10,UIUCVetMed,BlitzDrags,WGS84
Amblyomma americanum,1,-88.381849,37.5879674,2018,10,UIUCVetMed,BlitzDrags,WGS84
Amblyomma americanum,1,-88.381849,37.5879674,2018,10,UIUCVetMed,BlitzDrags,WGS84
Amblyomma americanum,1,-88.381849,37.5879674,2018,10,UIUCVetMed,BlitzDrags,WGS84
Amblyomma americanum,1,-88.381849,37.5879674,2018,10,UIUCVetMed,BlitzDrags,WGS84
Amblyomma americanum,1,-88.381849,37.5879674,2018,10,UIUCVetMed,BlitzDrags,WGS84
Amblyomma americanum,1,-88.381849,37.5879674,2018,10,UIUCVetMed,BlitzDrags,WGS84
Amblyomma americanum,1,-88.381849,37.5879674,2018,10,UIUCVetMed,BlitzDrags,WGS84
Amblyomma americanum,1,-88.381849,37.5879674,2018,10,UIUCVetMed,BlitzDrags,WGS84
Amblyomma americanum,1,-88.381849,37.5879674,2018,10,UIUCVetMed,BlitzDrags,WGS84
Amblyomma americanum,1,-88.381849,37.5879674,2018,10,UIUCVetMed,BlitzDrags,WGS84
Amblyomma americanum,1,-88.381849,37.5879674,2018,10,UIUCVetMed,BlitzDrags,WGS84
Amblyomma americanum,1,-88.381849,37.5879674,2018,10,UIUCVetMed,BlitzDrags,WGS84
Amblyomma americanum,1,-88.381849,37.5879674,2018,10,UIUCVetMed,BlitzDrags,WGS84
Amblyomma americanum,1,-88.381849,37.5879674,2018,10,UIUCVetMed,BlitzDrags,WGS84
Amblyomma americanum,1,-88.381849,37.5879674,2018,10,UIUCVetMed,BlitzDrags,WGS84
Amblyomma americanum,1,-88.381849,37.5879674,2018,10,UIUCVetMed,BlitzDrags,WGS84
Amblyomma americanum,1,-88.381849,37.5879674,2018,10,UIUCVetMed,BlitzDrags,WGS84
Amblyomma americanum,1,-88.381849,37.5879674,2018,10,UIUCVetMed,BlitzDrags,WGS84
Amblyomma americanum,1,-88.8525,37.2736111,2018,10,UIUCVetMed,BlitzDrags,WGS84
Amblyomma americanum,1,-88.792417,40.03074,2018,10,UIUCVetMed,BlitzDrags,WGS84
Amblyomma americanum,1,-88.792417,40.03074,2018,10,UIUCVetMed,BlitzDrags,WGS84
Amblyomma americanum,1,-88.716038,39.502954,2018,10,UIUCVetMed,BlitzDrags,WGS84
Amblyomma americanum,1,-88.716038,39.502954,2018,10,UIUCVetMed,BlitzDrags,WGS84
Amblyomma americanum,1,-88.716038,39.502954,2018,10,UIUCVetMed,BlitzDrags,WGS84
Amblyomma americanum,1,-88.716038,39.502954,2018,10,UIUCVetMed,BlitzDrags,WGS84
Amblyomma americanum,1,-89.399167,39.0858333,2018,10,UIUCVetMed,BlitzDrags,WGS84
Amblyomma americanum,1,-89.399167,39.0858333,2018,10,UIUCVetMed,BlitzDrags,WGS84
Amblyomma americanum,1,-89.399167,39.0858333,2018,10,UIUCVetMed,BlitzDrags,WGS84
Amblyomma americanum,1,-89.399167,39.0858333,2018,10,UIUCVetMed,BlitzDrags,WGS84
Amblyomma americanum,1,-89.399167,39.0858333,2018,10,UIUCVetMed,BlitzDrags,WGS84
Amblyomma americanum,1,-89.994382,39.206752,2018,10,UIUCVetMed,BlitzDrags,WGS84
Amblyomma americanum,1,-89.994382,39.206752,2018,10,UIUCVetMed,BlitzDrags,WGS84
Amblyomma americanum,1,-88.122583,39.0165787,2018,10,UIUCVetMed,BlitzDrags,WGS84
Amblyomma americanum,1,-88.122583,39.0165787,2018,10,UIUCVetMed,BlitzDrags,WGS84
Amblyomma americanum,1,-88.122583,39.0165787,2018,10,UIUCVetMed,BlitzDrags,WGS84
Amblyomma americanum,1,-89.378333,38.9247222,2018,10,UIUCVetMed,BlitzDrags,WGS84
Amblyomma americanum,1,-89.378333,38.9247222,2018,10,UIUCVetMed,BlitzDrags,WGS84
Amblyomma americanum,1,-89.378333,38.9247222,2018,10,UIUCVetMed,BlitzDrags,WGS84
Amblyomma americanum,1,-89.378333,38.9247222,2018,10,UIUCVetMed,BlitzDrags,WGS84
Amblyomma americanum,1,-90.066634,38.697357,2018,10,UIUCVetMed,BlitzDrags,WGS84
Amblyomma americanum,1,-90.066634,38.697357,2018,10,UIUCVetMed,BlitzDrags,WGS84
Amblyomma americanum,1,-90.066634,38.697357,2018,10,UIUCVetMed,BlitzDrags,WGS84
Amblyomma americanum,1,-90.066634,38.697357,2018,10,UIUCVetMed,BlitzDrags,WGS84
Amblyomma americanum,1,-89.143056,39.1641667,2018,10,UIUCVetMed,BlitzDrags,WGS84
Amblyomma americanum,1,-89.143056,39.1641667,2018,10,UIUCVetMed,BlitzDrags,WGS84
Amblyomma americanum,1,-89.143056,39.1641667,2018,10,UIUCVetMed,BlitzDrags,WGS84
Amblyomma americanum,1,-89.143056,39.1641667,2018,10,UIUCVetMed,BlitzDrags,WGS84
Amblyomma americanum,1,-89.143056,39.1641667,2018,10,UIUCVetMed,BlitzDrags,WGS84
Amblyomma americanum,1,-89.143056,39.1641667,2018,10,UIUCVetMed,BlitzDrags,WGS84
Amblyomma americanum,1,-89.886389,38.5886111,2018,10,UIUCVetMed,BlitzDrags,WGS84
Amblyomma americanum,1,-88.592432,38.544219,2018,10,UIUCVetMed,BlitzDrags,WGS84
Amblyomma americanum,1,-88.592432,38.544219,2018,10,UIUCVetMed,BlitzDrags,WGS84
Amblyomma americanum,1,-88.592432,38.544219,2018,10,UIUCVetMed,BlitzDrags,WGS84
Amblyomma americanum,1,-88.592432,38.544219,2018,10,UIUCVetMed,BlitzDrags,WGS84
Amblyomma americanum,1,-88.592432,38.544219,2018,10,UIUCVetMed,BlitzDrags,WGS84
Amblyomma americanum,1,-88.592432,38.544219,2018,10,UIUCVetMed,BlitzDrags,WGS84
Amblyomma americanum,1,-88.592432,38.544219,2018,10,UIUCVetMed,BlitzDrags,WGS84
Amblyomma americanum,1,-88.592432,38.544219,2018,10,UIUCVetMed,BlitzDrags,WGS84
Amblyomma americanum,1,-88.592432,38.544219,2018,10,UIUCVetMed,BlitzDrags,WGS84
Amblyomma americanum,1,-88.592432,38.544219,2018,10,UIUCVetMed,BlitzDrags,WGS84
Amblyomma americanum,1,-88.592432,38.544219,2018,10,UIUCVetMed,BlitzDrags,WGS84
Amblyomma americanum,1,-88.592432,38.544219,2018,10,UIUCVetMed,BlitzDrags,WGS84
Amblyomma americanum,1,-88.592432,38.544219,2018,10,UIUCVetMed,BlitzDrags,WGS84
Amblyomma americanum,1,-88.592432,38.544219,2018,10,UIUCVetMed,BlitzDrags,WGS84
Amblyomma americanum,1,-88.592432,38.544219,2018,10,UIUCVetMed,BlitzDrags,WGS84
Amblyomma americanum,1,-88.592432,38.544219,2018,10,UIUCVetMed,BlitzDrags,WGS84
Amblyomma americanum,1,-88.592432,38.544219,2018,10,UIUCVetMed,BlitzDrags,WGS84
Amblyomma americanum,1,-88.592432,38.544219,2018,10,UIUCVetMed,BlitzDrags,WGS84
Amblyomma americanum,1,-88.592432,38.544219,2018,10,UIUCVetMed,BlitzDrags,WGS84
Amblyomma americanum,1,-88.592432,38.544219,2018,10,UIUCVetMed,BlitzDrags,WGS84
Amblyomma americanum,1,-90.165,38.3086111,2018,10,UIUCVetMed,BlitzDrags,WGS84
Amblyomma americanum,1,-90.165,38.3086111,2018,10,UIUCVetMed,BlitzDrags,WGS84
Amblyomma americanum,1,-88.931111,38.1255556,2018,10,UIUCVetMed,BlitzDrags,WGS84
Amblyomma americanum,1,-88.931111,38.1255556,2018,10,UIUCVetMed,BlitzDrags,WGS84
Amblyomma americanum,1,-88.931111,38.1255556,2018,10,UIUCVetMed,BlitzDrags,WGS84
Amblyomma americanum,1,-88.931111,38.1255556,2018,10,UIUCVetMed,BlitzDrags,WGS84
Amblyomma americanum,1,-88.931111,38.1255556,2018,10,UIUCVetMed,BlitzDrags,WGS84
Amblyomma americanum,1,-88.931111,38.1255556,2018,10,UIUCVetMed,BlitzDrags,WGS84
Amblyomma americanum,1,-88.931111,38.1255556,2018,10,UIUCVetMed,BlitzDrags,WGS84
Amblyomma americanum,1,-88.931111,38.1255556,2018,10,UIUCVetMed,BlitzDrags,WGS84
Amblyomma americanum,1,-87.839643,38.722258,2018,10,UIUCVetMed,BlitzDrags,WGS84
Amblyomma americanum,1,-87.839643,38.722258,2018,10,UIUCVetMed,BlitzDrags,WGS84
Amblyomma americanum,1,-87.839643,38.722258,2018,10,UIUCVetMed,BlitzDrags,WGS84
Amblyomma americanum,1,-87.839643,38.722258,2018,10,UIUCVetMed,BlitzDrags,WGS84
Amblyomma americanum,1,-87.839643,38.722258,2018,10,UIUCVetMed,BlitzDrags,WGS84
Amblyomma americanum,1,-87.839643,38.722258,2018,10,UIUCVetMed,BlitzDrags,WGS84
Amblyomma americanum,1,-87.839643,38.722258,2018,10,UIUCVetMed,BlitzDrags,WGS84
Amblyomma americanum,1,-87.839643,38.722258,2018,10,UIUCVetMed,BlitzDrags,WGS84
Amblyomma americanum,1,-87.839643,38.722258,2018,10,UIUCVetMed,BlitzDrags,WGS84
Amblyomma americanum,1,-87.839643,38.722258,2018,10,UIUCVetMed,BlitzDrags,WGS84
Amblyomma americanum,1,-87.839643,38.722258,2018,10,UIUCVetMed,BlitzDrags,WGS84
Amblyomma americanum,1,-88.767976,38.7354363,2018,10,UIUCVetMed,BlitzDrags,WGS84
Amblyomma americanum,1,-88.767976,38.7354363,2018,10,UIUCVetMed,BlitzDrags,WGS84
Amblyomma americanum,1,-88.767976,38.7354363,2018,10,UIUCVetMed,BlitzDrags,WGS84
Amblyomma americanum,1,-89.356111,37.4861111,2018,10,UIUCVetMed,BlitzDrags,WGS84
Amblyomma americanum,1,-89.356111,37.4861111,2018,10,UIUCVetMed,BlitzDrags,WGS84
Amblyomma americanum,1,-89.356111,37.4861111,2018,10,UIUCVetMed,BlitzDrags,WGS84
Amblyomma americanum,1,-89.356111,37.4861111,2018,10,UIUCVetMed,BlitzDrags,WGS84
Amblyomma americanum,1,-89.356111,37.4861111,2018,10,UIUCVetMed,BlitzDrags,WGS84
Amblyomma americanum,1,-89.356111,37.4861111,2018,10,UIUCVetMed,BlitzDrags,WGS84
Amblyomma americanum,1,-89.356111,37.4861111,2018,10,UIUCVetMed,BlitzDrags,WGS84
Amblyomma americanum,1,-89.356111,37.4861111,2018,10,UIUCVetMed,BlitzDrags,WGS84
Amblyomma americanum,1,-89.356111,37.4861111,2018,10,UIUCVetMed,BlitzDrags,WGS84
Amblyomma americanum,1,-89.356111,37.4861111,2018,10,UIUCVetMed,BlitzDrags,WGS84
Amblyomma americanum,1,-89.356111,37.4861111,2018,10,UIUCVetMed,BlitzDrags,WGS84
Amblyomma americanum,1,-89.356111,37.4861111,2018,10,UIUCVetMed,BlitzDrags,WGS84
Amblyomma americanum,1,-88.673422,37.422451,2018,10,UIUCVetMed,BlitzDrags,WGS84
Amblyomma americanum,1,-88.673422,37.422451,2018,10,UIUCVetMed,BlitzDrags,WGS84
Amblyomma americanum,1,-88.673422,37.422451,2018,10,UIUCVetMed,BlitzDrags,WGS84
Amblyomma americanum,1,-88.673422,37.422451,2018,10,UIUCVetMed,BlitzDrags,WGS84
Amblyomma americanum,1,-88.673422,37.422451,2018,10,UIUCVetMed,BlitzDrags,WGS84
Amblyomma americanum,1,-88.673422,37.422451,2018,10,UIUCVetMed,BlitzDrags,WGS84
Amblyomma americanum,1,-88.673422,37.422451,2018,10,UIUCVetMed,BlitzDrags,WGS84
Amblyomma americanum,1,-88.673422,37.422451,2018,10,UIUCVetMed,BlitzDrags,WGS84
Amblyomma americanum,1,-88.673422,37.422451,2018,10,UIUCVetMed,BlitzDrags,WGS84
Amblyomma americanum,1,-88.673422,37.422451,2018,10,UIUCVetMed,BlitzDrags,WGS84
Amblyomma americanum,1,-88.673422,37.422451,2018,10,UIUCVetMed,BlitzDrags,WGS84
Amblyomma americanum,1,-88.673422,37.422451,2018,10,UIUCVetMed,BlitzDrags,WGS84
Amblyomma americanum,1,-88.673422,37.422451,2018,10,UIUCVetMed,BlitzDrags,WGS84
Amblyomma americanum,1,-88.673422,37.422451,2018,10,UIUCVetMed,BlitzDrags,WGS84
Amblyomma americanum,1,-88.673422,37.422451,2018,10,UIUCVetMed,BlitzDrags,WGS84
Amblyomma americanum,1,-88.673422,37.422451,2018,10,UIUCVetMed,BlitzDrags,WGS84
Amblyomma americanum,1,-88.673422,37.422451,2018,10,UIUCVetMed,BlitzDrags,WGS84
Amblyomma americanum,1,-88.673422,37.422451,2018,10,UIUCVetMed,BlitzDrags,WGS84
Amblyomma americanum,1,-88.673422,37.422451,2018,10,UIUCVetMed,BlitzDrags,WGS84
Amblyomma americanum,1,-88.673422,37.422451,2018,10,UIUCVetMed,BlitzDrags,WGS84
Amblyomma americanum,1,-88.673422,37.422451,2018,10,UIUCVetMed,BlitzDrags,WGS84
Amblyomma americanum,1,-88.03015904,39.69824117,2019,10,UIUCVetMed,BlitzDrags,WGS84
Amblyomma americanum,1,-88.63269651,39.75654767,2019,10,UIUCVetMed,BlitzDrags,WGS84
Amblyomma americanum,1,-88.63438253,39.56377479,2019,10,UIUCVetMed,BlitzDrags,WGS84
Amblyomma americanum,1,-88.63222604,39.56036596,2019,10,UIUCVetMed,BlitzDrags,WGS84
Amblyomma americanum,1,-88.63548551,39.56345092,2019,10,UIUCVetMed,BlitzDrags,WGS84
Amblyomma americanum,1,-88.63557003,39.56384282,2019,10,UIUCVetMed,BlitzDrags,WGS84
Amblyomma americanum,1,-88.15757325,39.75665105,2019,10,UIUCVetMed,BlitzDrags,WGS84
Amblyomma americanum,1,-88.63565474,39.56398434,2019,10,UIUCVetMed,BlitzDrags,WGS84
Amblyomma americanum,1,-88.9134295,37.83025577,2019,10,UIUCVetMed,BlitzDrags,WGS84
Amblyomma americanum,1,-88.9134295,37.83025577,2019,10,UIUCVetMed,BlitzDrags,WGS84
Amblyomma americanum,1,-88.9134295,37.83025577,2019,10,UIUCVetMed,BlitzDrags,WGS84
Amblyomma americanum,1,-88.9131503,37.83019517,2019,10,UIUCVetMed,BlitzDrags,WGS84
Amblyomma americanum,1,-88.9131503,37.83019517,2019,10,UIUCVetMed,BlitzDrags,WGS84
Amblyomma americanum,1,-88.9131503,37.83019517,2019,10,UIUCVetMed,BlitzDrags,WGS84
Amblyomma americanum,1,-89.24353133,37.71614528,2019,10,UIUCVetMed,BlitzDrags,WGS84
Amblyomma americanum,1,-89.24353133,37.71614528,2019,10,UIUCVetMed,BlitzDrags,WGS84
Amblyomma americanum,1,-89.24353133,37.71614528,2019,10,UIUCVetMed,BlitzDrags,WGS84
Amblyomma americanum,1,-89.24514105,37.71677036,2019,10,UIUCVetMed,BlitzDrags,WGS84
Amblyomma americanum,1,-88.67248125,37.42406758,2019,10,UIUCVetMed,BlitzDrags,WGS84
Amblyomma americanum,1,-88.6718659,37.4234142,2019,10,UIUCVetMed,BlitzDrags,WGS84
Amblyomma americanum,1,-88.6718659,37.4234142,2019,10,UIUCVetMed,BlitzDrags,WGS84
Amblyomma americanum,1,-88.6718659,37.4234142,2019,10,UIUCVetMed,BlitzDrags,WGS84
Amblyomma americanum,1,-88.6718659,37.4234142,2019,10,UIUCVetMed,BlitzDrags,WGS84
Amblyomma americanum,1,-88.6718659,37.4234142,2019,10,UIUCVetMed,BlitzDrags,WGS84
Amblyomma americanum,1,-88.67061909,37.42150338,2019,10,UIUCVetMed,BlitzDrags,WGS84
Amblyomma americanum,1,-88.67061909,37.42150338,2019,10,UIUCVetMed,BlitzDrags,WGS84
Amblyomma americanum,1,-88.67061909,37.42150338,2019,10,UIUCVetMed,BlitzDrags,WGS84
Amblyomma americanum,1,-88.67061909,37.42150338,2019,10,UIUCVetMed,BlitzDrags,WGS84
Amblyomma americanum,1,-88.67061909,37.42150338,2019,10,UIUCVetMed,BlitzDrags,WGS84
Amblyomma americanum,1,-88.67061909,37.42150338,2019,10,UIUCVetMed,BlitzDrags,WGS84
Amblyomma americanum,1,-88.67061909,37.42150338,2019,10,UIUCVetMed,BlitzDrags,WGS84
Amblyomma americanum,1,-88.67061909,37.42150338,2019,10,UIUCVetMed,BlitzDrags,WGS84
Amblyomma americanum,1,-88.67061909,37.42150338,2019,10,UIUCVetMed,BlitzDrags,WGS84
Amblyomma americanum,1,-88.67061909,37.42150338,2019,10,UIUCVetMed,BlitzDrags,WGS84
Amblyomma americanum,1,-88.67061909,37.42150338,2019,10,UIUCVetMed,BlitzDrags,WGS84
Amblyomma americanum,1,-89.38130425,37.78967372,2019,10,UIUCVetMed,BlitzDrags,WGS84
Amblyomma americanum,1,-89.38130425,37.78967372,2019,10,UIUCVetMed,BlitzDrags,WGS84
Amblyomma americanum,1,-89.38402515,37.77853967,2019,10,UIUCVetMed,BlitzDrags,WGS84
Amblyomma americanum,1,-89.38402515,37.77853967,2019,10,UIUCVetMed,BlitzDrags,WGS84
Amblyomma americanum,1,-89.38402515,37.77853967,2019,10,UIUCVetMed,BlitzDrags,WGS84
Amblyomma americanum,1,-89.38402515,37.77853967,2019,10,UIUCVetMed,BlitzDrags,WGS84
Amblyomma americanum,1,-89.38402515,37.77853967,2019,10,UIUCVetMed,BlitzDrags,WGS84
Amblyomma americanum,1,-89.38402515,37.77853967,2019,10,UIUCVetMed,BlitzDrags,WGS84
Amblyomma americanum,1,-89.38402515,37.77853967,2019,10,UIUCVetMed,BlitzDrags,WGS84
Amblyomma americanum,1,-89.38402515,37.77853967,2019,10,UIUCVetMed,BlitzDrags,WGS84
Amblyomma americanum,1,-89.38402515,37.77853967,2019,10,UIUCVetMed,BlitzDrags,WGS84
Amblyomma americanum,1,-88.392759,38.06556086,2019,10,UIUCVetMed,BlitzDrags,WGS84
Amblyomma americanum,1,-88.392759,38.06556086,2019,10,UIUCVetMed,BlitzDrags,WGS84
Amblyomma americanum,1,-88.392759,38.06556086,2019,10,UIUCVetMed,BlitzDrags,WGS84
Amblyomma americanum,1,-88.392759,38.06556086,2019,10,UIUCVetMed,BlitzDrags,WGS84
Amblyomma americanum,1,-88.40737337,38.0644906,2019,10,UIUCVetMed,BlitzDrags,WGS84
Amblyomma americanum,1,-88.40737337,38.0644906,2019,10,UIUCVetMed,BlitzDrags,WGS84
Amblyomma americanum,1,-88.40737337,38.0644906,2019,10,UIUCVetMed,BlitzDrags,WGS84
Amblyomma americanum,1,-88.40737337,38.0644906,2019,10,UIUCVetMed,BlitzDrags,WGS84
Amblyomma americanum,1,-88.40737337,38.0644906,2019,10,UIUCVetMed,BlitzDrags,WGS84
Amblyomma americanum,1,-88.15765084,39.75670295,2019,10,UIUCVetMed,BlitzDrags,WGS84
Amblyomma americanum,1,-89.24327847,37.71979473,2019,10,UIUCVetMed,BlitzDrags,WGS84
Amblyomma americanum,1,-89.24327847,37.71979473,2019,10,UIUCVetMed,BlitzDrags,WGS84
Amblyomma americanum,1,-89.24327847,37.71979473,2019,10,UIUCVetMed,BlitzDrags,WGS84
Amblyomma americanum,1,-88.40438692,38.06250565,2019,10,UIUCVetMed,BlitzDrags,WGS84
Amblyomma americanum,1,-88.97479568,38.30270174,2019,10,UIUCVetMed,BlitzDrags,WGS84
Amblyomma americanum,1,-88.97479568,38.30270174,2019,10,UIUCVetMed,BlitzDrags,WGS84
Amblyomma americanum,1,-88.97479568,38.30270174,2019,10,UIUCVetMed,BlitzDrags,WGS84
Amblyomma americanum,1,-88.97479568,38.30270174,2019,10,UIUCVetMed,BlitzDrags,WGS84
Amblyomma americanum,1,-88.97479568,38.30270174,2019,10,UIUCVetMed,BlitzDrags,WGS84
Amblyomma americanum,1,-88.97479568,38.30270174,2019,10,UIUCVetMed,BlitzDrags,WGS84
Amblyomma americanum,1,-88.97479568,38.30270174,2019,10,UIUCVetMed,BlitzDrags,WGS84
Amblyomma americanum,1,-88.97479568,38.30270174,2019,10,UIUCVetMed,BlitzDrags,WGS84
Amblyomma americanum,1,-88.97479568,38.30270174,2019,10,UIUCVetMed,BlitzDrags,WGS84
Amblyomma americanum,1,-88.97479568,38.30270174,2019,10,UIUCVetMed,BlitzDrags,WGS84
Amblyomma americanum,1,-88.97479568,38.30270174,2019,10,UIUCVetMed,BlitzDrags,WGS84
Amblyomma americanum,1,-88.97422311,38.30278385,2019,10,UIUCVetMed,BlitzDrags,WGS84
Amblyomma americanum,1,-89.41588487,38.00838999,2019,10,UIUCVetMed,BlitzDrags,WGS84
Amblyomma americanum,1,-89.41588487,38.00838999,2019,10,UIUCVetMed,BlitzDrags,WGS84
Amblyomma americanum,1,-89.41588487,38.00838999,2019,10,UIUCVetMed,BlitzDrags,WGS84
Amblyomma americanum,1,-89.41588487,38.00838999,2019,10,UIUCVetMed,BlitzDrags,WGS84
Amblyomma americanum,1,-89.40125157,38.02000349,2019,10,UIUCVetMed,BlitzDrags,WGS84
Amblyomma americanum,1,-89.40125157,38.02000349,2019,10,UIUCVetMed,BlitzDrags,WGS84
Amblyomma americanum,1,-89.40117345,38.01992294,2019,10,UIUCVetMed,BlitzDrags,WGS84
Amblyomma americanum,1,-89.50037688,38.0299855,2019,10,UIUCVetMed,BlitzDrags,WGS84
Amblyomma americanum,1,-89.50037688,38.0299855,2019,10,UIUCVetMed,BlitzDrags,WGS84
Amblyomma americanum,1,-89.49141604,38.01400955,2019,10,UIUCVetMed,BlitzDrags,WGS84
Amblyomma americanum,1,-89.49141604,38.01400955,2019,10,UIUCVetMed,BlitzDrags,WGS84
Amblyomma americanum,1,-89.49141604,38.01400955,2019,10,UIUCVetMed,BlitzDrags,WGS84
Amblyomma americanum,1,-88.56787723,38.09352433,2019,10,UIUCVetMed,BlitzDrags,WGS84
Amblyomma americanum,1,-88.56700984,38.09377144,2019,10,UIUCVetMed,BlitzDrags,WGS84
Amblyomma americanum,1,-88.56700984,38.09377144,2019,10,UIUCVetMed,BlitzDrags,WGS84
Amblyomma americanum,1,-88.56700984,38.09377144,2019,10,UIUCVetMed,BlitzDrags,WGS84
Amblyomma americanum,1,-88.56700984,38.09377144,2019,10,UIUCVetMed,BlitzDrags,WGS84
Amblyomma americanum,1,-88.56700984,38.09377144,2019,10,UIUCVetMed,BlitzDrags,WGS84
Amblyomma americanum,1,-88.56700984,38.09377144,2019,10,UIUCVetMed,BlitzDrags,WGS84
Amblyomma americanum,1,-88.56700984,38.09377144,2019,10,UIUCVetMed,BlitzDrags,WGS84
Amblyomma americanum,1,-88.56700984,38.09377144,2019,10,UIUCVetMed,BlitzDrags,WGS84
Amblyomma americanum,1,-88.56700984,38.09377144,2019,10,UIUCVetMed,BlitzDrags,WGS84
Amblyomma americanum,1,-88.56700984,38.09377144,2019,10,UIUCVetMed,BlitzDrags,WGS84
Amblyomma americanum,1,-88.56700984,38.09377144,2019,10,UIUCVetMed,BlitzDrags,WGS84
Amblyomma americanum,1,-88.56700984,38.09377144,2019,10,UIUCVetMed,BlitzDrags,WGS84
Amblyomma americanum,1,-88.56700984,38.09377144,2019,10,UIUCVetMed,BlitzDrags,WGS84
Amblyomma americanum,1,-88.56700984,38.09377144,2019,10,UIUCVetMed,BlitzDrags,WGS84
Amblyomma americanum,1,-88.56700984,38.09377144,2019,10,UIUCVetMed,BlitzDrags,WGS84
Amblyomma americanum,1,-88.56700984,38.09377144,2019,10,UIUCVetMed,BlitzDrags,WGS84
Amblyomma americanum,1,-88.56700984,38.09377144,2019,10,UIUCVetMed,BlitzDrags,WGS84
Amblyomma americanum,1,-88.56700984,38.09377144,2019,10,UIUCVetMed,BlitzDrags,WGS84
Amblyomma americanum,1,-88.56700984,38.09377144,2019,10,UIUCVetMed,BlitzDrags,WGS84
Amblyomma americanum,1,-88.56700984,38.09377144,2019,10,UIUCVetMed,BlitzDrags,WGS84
Amblyomma americanum,1,-88.56708083,38.0935873,2019,10,UIUCVetMed,BlitzDrags,WGS84
Amblyomma americanum,1,-88.56708083,38.0935873,2019,10,UIUCVetMed,BlitzDrags,WGS84
Amblyomma americanum,1,-88.56708083,38.0935873,2019,10,UIUCVetMed,BlitzDrags,WGS84
Amblyomma americanum,1,-88.56708083,38.0935873,2019,10,UIUCVetMed,BlitzDrags,WGS84
Amblyomma americanum,1,-88.56708083,38.0935873,2019,10,UIUCVetMed,BlitzDrags,WGS84
Amblyomma americanum,1,-88.56708083,38.0935873,2019,10,UIUCVetMed,BlitzDrags,WGS84
Amblyomma americanum,1,-88.56708083,38.0935873,2019,10,UIUCVetMed,BlitzDrags,WGS84
Amblyomma americanum,1,-88.93456134,38.1257083,2019,10,UIUCVetMed,BlitzDrags,WGS84
Amblyomma americanum,1,-88.93456134,38.1257083,2019,10,UIUCVetMed,BlitzDrags,WGS84
Amblyomma americanum,1,-88.93456134,38.1257083,2019,10,UIUCVetMed,BlitzDrags,WGS84
Amblyomma americanum,1,-88.93456134,38.1257083,2019,10,UIUCVetMed,BlitzDrags,WGS84
Amblyomma americanum,1,-88.93456134,38.1257083,2019,10,UIUCVetMed,BlitzDrags,WGS84
Amblyomma americanum,1,-88.93456134,38.1257083,2019,10,UIUCVetMed,BlitzDrags,WGS84
Amblyomma americanum,1,-88.93456134,38.1257083,2019,10,UIUCVetMed,BlitzDrags,WGS84
Amblyomma americanum,1,-88.93456134,38.1257083,2019,10,UIUCVetMed,BlitzDrags,WGS84
Amblyomma americanum,1,-88.93456134,38.1257083,2019,10,UIUCVetMed,BlitzDrags,WGS84
Amblyomma americanum,1,-88.93456134,38.1257083,2019,10,UIUCVetMed,BlitzDrags,WGS84
Amblyomma americanum,1,-88.93456134,38.1257083,2019,10,UIUCVetMed,BlitzDrags,WGS84
Amblyomma americanum,1,-88.93104382,38.12862724,2019,10,UIUCVetMed,BlitzDrags,WGS84
Amblyomma americanum,1,-88.3926207,38.06529331,2019,10,UIUCVetMed,BlitzDrags,WGS84
Amblyomma americanum,1,-88.40432888,38.06238059,2019,10,UIUCVetMed,BlitzDrags,WGS84
Amblyomma americanum,1,-89.50259428,38.02994227,2019,10,UIUCVetMed,BlitzDrags,WGS84
Amblyomma americanum,1,-88.93104178,38.12877162,2019,10,UIUCVetMed,BlitzDrags,WGS84
Amblyomma americanum,1,-88.93104178,38.12877162,2019,10,UIUCVetMed,BlitzDrags,WGS84
Amblyomma americanum,1,-88.93107742,38.12577322,2019,10,UIUCVetMed,BlitzDrags,WGS84
Amblyomma americanum,1,-88.91237301,37.82781006,2019,10,UIUCVetMed,BlitzDrags,WGS84
Amblyomma americanum,1,-88.91237301,37.82781006,2019,10,UIUCVetMed,BlitzDrags,WGS84
Amblyomma americanum,1,-88.91237301,37.82781006,2019,10,UIUCVetMed,BlitzDrags,WGS84
Amblyomma americanum,1,-88.91237301,37.82781006,2019,10,UIUCVetMed,BlitzDrags,WGS84
Amblyomma americanum,1,-88.91255034,37.82797113,2019,10,UIUCVetMed,BlitzDrags,WGS84
Amblyomma americanum,1,-89.24327847,37.71979473,2019,10,UIUCVetMed,BlitzDrags,WGS84
Amblyomma americanum,1,-89.24327847,37.71979473,2019,10,UIUCVetMed,BlitzDrags,WGS84
Amblyomma americanum,1,-89.05894287,37.73221757,2019,10,UIUCVetMed,BlitzDrags,WGS84
Amblyomma americanum,1,-89.05894287,37.73221757,2019,10,UIUCVetMed,BlitzDrags,WGS84
Amblyomma americanum,1,-89.05894287,37.73221757,2019,10,UIUCVetMed,BlitzDrags,WGS84
Amblyomma americanum,1,-89.05894287,37.73221757,2019,10,UIUCVetMed,BlitzDrags,WGS84
Amblyomma americanum,1,-89.05894287,37.73221757,2019,10,UIUCVetMed,BlitzDrags,WGS84
Amblyomma americanum,1,-89.05874453,37.73224776,2019,10,UIUCVetMed,BlitzDrags,WGS84
Amblyomma americanum,1,-89.05874453,37.73224776,2019,10,UIUCVetMed,BlitzDrags,WGS84
Amblyomma americanum,1,-89.05874453,37.73224776,2019,10,UIUCVetMed,BlitzDrags,WGS84
Amblyomma americanum,1,-89.05874453,37.73224776,2019,10,UIUCVetMed,BlitzDrags,WGS84
Amblyomma americanum,1,-88.67186666,37.42334895,2019,10,UIUCVetMed,BlitzDrags,WGS84
Amblyomma americanum,1,-88.67186666,37.42334895,2019,10,UIUCVetMed,BlitzDrags,WGS84
Amblyomma americanum,1,-88.67186666,37.42334895,2019,10,UIUCVetMed,BlitzDrags,WGS84
Amblyomma americanum,1,-89.3840483,37.77849756,2019,10,UIUCVetMed,BlitzDrags,WGS84
Amblyomma americanum,1,-89.3840483,37.77849756,2019,10,UIUCVetMed,BlitzDrags,WGS84
Amblyomma americanum,1,-89.38433505,37.77837045,2019,10,UIUCVetMed,BlitzDrags,WGS84
Amblyomma americanum,1,-88.97330462,38.30342355,2019,10,UIUCVetMed,BlitzDrags,WGS84
Amblyomma americanum,1,-88.97552574,38.30284436,2019,10,UIUCVetMed,BlitzDrags,WGS84
Amblyomma americanum,1,-88.9123137,37.82828024,2019,10,UIUCVetMed,BlitzDrags,WGS84
Amblyomma americanum,1,-88.67014443,37.42290739,2019,10,UIUCVetMed,BlitzDrags,WGS84
Amblyomma americanum,1,-88.67014443,37.42290739,2019,10,UIUCVetMed,BlitzDrags,WGS84
Amblyomma americanum,1,-88.673148,37.42226689,2019,10,UIUCVetMed,BlitzDrags,WGS84
Amblyomma americanum,1,-88.673148,37.42226689,2019,10,UIUCVetMed,BlitzDrags,WGS84
Amblyomma americanum,1,-88.4200939,37.57723989,2019,10,UIUCVetMed,BlitzDrags,WGS84
Amblyomma americanum,1,-89.49739975,38.00041934,2019,10,UIUCVetMed,BlitzDrags,WGS84
Amblyomma americanum,1,-89.49739975,38.00041934,2019,10,UIUCVetMed,BlitzDrags,WGS84
Amblyomma americanum,1,-89.49739975,38.00041934,2019,10,UIUCVetMed,BlitzDrags,WGS84
Amblyomma americanum,1,-89.49739975,38.00041934,2019,10,UIUCVetMed,BlitzDrags,WGS84
Amblyomma americanum,1,-88.94090917,38.12928836,2019,10,UIUCVetMed,BlitzDrags,WGS84
Amblyomma americanum,1,-88.9316108,38.12556251,2019,10,UIUCVetMed,BlitzDrags,WGS84
Amblyomma americanum,1,-88.93128062,38.12573504,2019,10,UIUCVetMed,BlitzDrags,WGS84
Amblyomma americanum,1,-89.24492539,37.71610024,2019,10,UIUCVetMed,BlitzDrags,WGS84
Amblyomma americanum,1,-89.24528715,37.71688165,2019,10,UIUCVetMed,BlitzDrags,WGS84
Amblyomma americanum,1,-89.24528715,37.71688165,2019,10,UIUCVetMed,BlitzDrags,WGS84
Amblyomma americanum,1,-89.05864866,37.73219086,2019,10,UIUCVetMed,BlitzDrags,WGS84
Amblyomma americanum,1,-89.05864866,37.73219086,2019,10,UIUCVetMed,BlitzDrags,WGS84
Amblyomma americanum,1,-89.05864866,37.73219086,2019,10,UIUCVetMed,BlitzDrags,WGS84
Amblyomma americanum,1,-89.05864866,37.73219086,2019,10,UIUCVetMed,BlitzDrags,WGS84
Amblyomma americanum,1,-89.05864866,37.73219086,2019,10,UIUCVetMed,BlitzDrags,WGS84
Amblyomma americanum,1,-89.05873457,37.72698142,2019,10,UIUCVetMed,BlitzDrags,WGS84
Amblyomma americanum,1,-89.05873457,37.72698142,2019,10,UIUCVetMed,BlitzDrags,WGS84
Amblyomma americanum,1,-88.39262261,38.06532146,2019,10,UIUCVetMed,BlitzDrags,WGS84
Amblyomma americanum,1,-88.40466493,38.06232204,2019,10,UIUCVetMed,BlitzDrags,WGS84
Amblyomma americanum,1,-88.40466493,38.06232204,2019,10,UIUCVetMed,BlitzDrags,WGS84
Amblyomma americanum,1,-88.40466493,38.06232204,2019,10,UIUCVetMed,BlitzDrags,WGS84
Amblyomma americanum,1,-88.4043645,38.0628557,2019,10,UIUCVetMed,BlitzDrags,WGS84
Amblyomma americanum,1,-88.97388257,38.30270877,2019,10,UIUCVetMed,BlitzDrags,WGS84
Amblyomma americanum,1,-88.97388257,38.30270877,2019,10,UIUCVetMed,BlitzDrags,WGS84
Amblyomma americanum,1,-88.97520154,38.30367626,2019,10,UIUCVetMed,BlitzDrags,WGS84
Amblyomma americanum,1,-88.97520154,38.30367626,2019,10,UIUCVetMed,BlitzDrags,WGS84
Amblyomma americanum,1,-88.56939708,38.0931116,2019,10,UIUCVetMed,BlitzDrags,WGS84
Amblyomma americanum,1,-88.5665288,38.09671685,2019,10,UIUCVetMed,BlitzDrags,WGS84
Amblyomma americanum,1,-88.5665288,38.09671685,2019,10,UIUCVetMed,BlitzDrags,WGS84
Amblyomma americanum,1,-88.5665288,38.09671685,2019,10,UIUCVetMed,BlitzDrags,WGS84
Amblyomma americanum,1,-88.56936164,38.09327981,2019,10,UIUCVetMed,BlitzDrags,WGS84
Amblyomma americanum,1,-89.24403227,37.7159423,2019,10,UIUCVetMed,BlitzDrags,WGS84
Amblyomma americanum,1,-89.24403227,37.7159423,2019,10,UIUCVetMed,BlitzDrags,WGS84
Amblyomma americanum,1,-89.3813704,37.78965163,2019,10,UIUCVetMed,BlitzDrags,WGS84
Amblyomma americanum,1,-89.49403728,37.99823244,2019,10,UIUCVetMed,BlitzDrags,WGS84
Amblyomma americanum,1,-89.49739975,38.00041934,2019,10,UIUCVetMed,BlitzDrags,WGS84
Amblyomma americanum,1,-88.93150065,38.12574229,2019,10,UIUCVetMed,BlitzDrags,WGS84
Amblyomma americanum,1,-88.93150065,38.12574229,2019,10,UIUCVetMed,BlitzDrags,WGS84
Amblyomma americanum,1,-88.93148583,38.12571516,2019,10,UIUCVetMed,BlitzDrags,WGS84
Amblyomma americanum,1,-88.5694877,38.09331156,2019,10,UIUCVetMed,BlitzDrags,WGS84
Amblyomma americanum,1,-88.5694877,38.09331156,2019,10,UIUCVetMed,BlitzDrags,WGS84
Amblyomma americanum,1,-88.56947064,38.0932996,2019,10,UIUCVetMed,BlitzDrags,WGS84
Amblyomma americanum,1,-88.56945985,38.09331236,2019,10,UIUCVetMed,BlitzDrags,WGS84
Amblyomma americanum,1,-88.56945985,38.09331236,2019,10,UIUCVetMed,BlitzDrags,WGS84
Amblyomma americanum,1,-88.56708083,38.0935873,2019,10,UIUCVetMed,BlitzDrags,WGS84
Amblyomma americanum,1,-88.929171,37.376868,2021,2,iNaturalist,iNaturalist,WGS84
Amblyomma americanum,1,-90.085472,40.311295,2021,4,iNaturalist,iNaturalist,WGS84
Amblyomma americanum,1,-89.923675,40.377927,2020,4,iNaturalist,iNaturalist,WGS84
Amblyomma americanum,1,-89.780846,38.268208,2020,4,iNaturalist,iNaturalist,WGS84
Amblyomma americanum,1,-89.068277,37.361167,2022,4,iNaturalist,iNaturalist,WGS84
Amblyomma americanum,1,-88.66785,37.435467,2021,4,iNaturalist,iNaturalist,WGS84
Amblyomma americanum,1,-90.512454,38.965033,2017,5,iNaturalist,iNaturalist,WGS84
Amblyomma americanum,1,-88.934976,37.374938,2016,5,iNaturalist,iNaturalist,WGS84
Amblyomma americanum,1,-88.384576,37.593647,2017,5,iNaturalist,iNaturalist,WGS84
Amblyomma americanum,1,-87.98863,41.138426,2021,7,iNaturalist,iNaturalist,WGS84
Amblyomma americanum,1,-89.041008,37.352045,2022,8,iNaturalist,iNaturalist,WGS84
Amblyomma americanum,1,-89.040852,37.352263,2022,8,iNaturalist,iNaturalist,WGS84
Amblyomma americanum,1,-87.994313,41.136782,2021,9,iNaturalist,iNaturalist,WGS84
Amblyomma americanum,1,-89.847798,40.149693,2016,15,iNaturalist,iNaturalist,WGS84
Amblyomma americanum,1,-90.539243,38.969092,2021,16,iNaturalist,iNaturalist,WGS84
Amblyomma americanum,1,-89.433205,37.31718,2021,30,iNaturalist,iNaturalist,WGS84
Amblyomma americanum,1,-89.222235,37.72073,2019,31,iNaturalist,iNaturalist,WGS84
Amblyomma americanum,1,-88.926728,37.375416,2019,31,iNaturalist,iNaturalist,WGS84
Amblyomma americanum,1,-90.045476,40.274956,2021,39,iNaturalist,iNaturalist,WGS84
Amblyomma americanum,1,-91.076591,40.674152,2021,65,iNaturalist,iNaturalist,WGS84
Amblyomma americanum,1,-89.035018,37.270327,2016,86,iNaturalist,iNaturalist,WGS84
Amblyomma americanum,1,-90.951942,40.415248,2019,104,iNaturalist,iNaturalist,WGS84
Amblyomma americanum,1,-88.945355,37.371965,2016,211,iNaturalist,iNaturalist,WGS84
Amblyomma americanum,1,-91.241667,40.619736,2019,223,iNaturalist,iNaturalist,WGS84
Amblyomma americanum,1,-90.463211,39.853133,2017,444,iNaturalist,iNaturalist,WGS84
Amblyomma americanum,1,-89.349572,37.489308,2016,500,iNaturalist,iNaturalist,WGS84
Amblyomma americanum,1,-88.926733,37.373663,2015,1724,iNaturalist,iNaturalist,WGS84
Amblyomma americanum,1,-88.926733,37.373663,2014,1724,iNaturalist,iNaturalist,WGS84
Amblyomma americanum,1,-89.967201,40.442238,2021,2700,iNaturalist,iNaturalist,WGS84
Amblyomma americanum,1,-89.259787,37.5306,2016,2752,iNaturalist,iNaturalist,WGS84
Amblyomma americanum,1,-88.927018,37.36185,2019,3147,iNaturalist,iNaturalist,WGS84
Amblyomma americanum,1,-88.473358,37.694817,2020,5384,iNaturalist,iNaturalist,WGS84
Amblyomma americanum,1,-90.565425,40.136965,2021,12496,iNaturalist,iNaturalist,WGS84
Amblyomma americanum,1,-89.349213,37.645605,2021,20000,iNaturalist,iNaturalist,WGS84
Amblyomma americanum,1,-89.245156,37.716983,2016,20000,iNaturalist,iNaturalist,WGS84
Amblyomma americanum,1,-89.221976,37.722581,2020,20000,iNaturalist,iNaturalist,WGS84
Amblyomma americanum,1,-89.198944,37.715819,2016,20000,iNaturalist,iNaturalist,WGS84
Amblyomma americanum,1,-89.032856,37.269891,2021,20000,iNaturalist,iNaturalist,WGS84
Amblyomma americanum,1,-89.011695,37.384645,2022,20000,iNaturalist,iNaturalist,WGS84
Amblyomma americanum,1,-88.9486,38.0925,1984,20000,CMN,CMN,WGS84
Amblyomma americanum,1,-88.930515,37.379053,2021,20000,iNaturalist,iNaturalist,WGS84
Amblyomma americanum,1,-88.930513,37.376035,2021,20000,iNaturalist,iNaturalist,WGS84
Amblyomma americanum,1,-88.93048,37.376134,2013,20000,iNaturalist,iNaturalist,WGS84
Amblyomma americanum,1,-88.49172,37.448596,2022,20000,iNaturalist,iNaturalist,WGS84
Amblyomma americanum,1,-88.4256134,38.42956543,2007,BISON,BugGuide,20000,WGS84
Amblyomma americanum,1,-87.82430267,40.74722672,2015,BISON,BugGuide,20000,WGS84
Amblyomma americanum,1,-87.81560516,42.24040222,2018,iNaturalist.org,iNaturalist Research-grade Observations,20000,WGS84
Amblyomma americanum,1,-89.25978851,37.5306015,2016,iNaturalist.org,iNaturalist Research-grade Observations,2752,WGS84
Amblyomma americanum,1,-87.57418823,40.98875809,2015,iNaturalist.org,iNaturalist Research-grade Observations,188,WGS84
Amblyomma americanum,1,-89.34957123,37.4893074,2016,iNaturalist.org,iNaturalist Research-grade Observations,500,WGS84
Amblyomma americanum,1,-89.19894409,37.71582031,2016,iNaturalist.org,iNaturalist Research-grade Observations,20000,WGS84
Amblyomma americanum,1,-87.7408905,41.97808456,2015,iNaturalist.org,iNaturalist Research-grade Observations,20000,WGS84
Amblyomma americanum,1,-89.22223663,37.72072983,2019,iNaturalist.org,iNaturalist Research-grade Observations,31,WGS84
Amblyomma americanum,1,-91.2416687,40.61973572,2019,iNaturalist.org,iNaturalist Research-grade Observations,223,WGS84
Amblyomma americanum,1,-88.92673492,37.37366486,2015,iNaturalist.org,iNaturalist Research-grade Observations,1724,WGS84
Amblyomma americanum,1,-88.93048096,37.37613297,2013,iNaturalist.org,iNaturalist Research-grade Observations,20000,WGS84
Amblyomma americanum,1,-89.24515533,37.7169838,2016,iNaturalist.org,iNaturalist Research-grade Observations,20000,WGS84
Amblyomma americanum,1,-88.38457489,37.593647,2017,iNaturalist.org,iNaturalist Research-grade Observations,5,WGS84
Amblyomma americanum,1,-90.46321106,39.85313416,2017,iNaturalist.org,iNaturalist Research-grade Observations,444,WGS84
Amblyomma americanum,1,-88.92672729,37.3754158,2019,iNaturalist.org,iNaturalist Research-grade Observations,31,WGS84
Amblyomma americanum,1,-88.92701721,37.36185074,2019,iNaturalist.org,iNaturalist Research-grade Observations,3147,WGS84
Amblyomma americanum,1,-88.2071991,40.11059952,1957,Illinois Natural History Survey,Illinois Natural History Survey Insect Collection,20000,WGS84
Amblyomma americanum,1,-88.2071991,40.11059952,1957,Illinois Natural History Survey,Illinois Natural History Survey Insect Collection,20000,WGS84
Amblyomma americanum,1,-88.66030884,37.38317871,1965,Illinois Natural History Survey,Illinois Natural History Survey Insect Collection,20000,WGS84
Amblyomma americanum,1,-89.0772171,37.75999832,1966,Illinois Natural History Survey,Illinois Natural History Survey Insect Collection,20000,WGS84
Amblyomma americanum,1,-88.64929962,39.58430099,1999,Illinois Natural History Survey,Illinois Natural History Survey Insect Collection,20000,WGS84
Amblyomma americanum,1,-90.95194244,40.41524887,2019,iNaturalist.org,iNaturalist Research-grade Observations,104,WGS84
Amblyomma americanum,1,-90.51245117,38.96503448,2017,iNaturalist.org,iNaturalist Research-grade Observations,5,WGS84
Amblyomma americanum,1,-89.03501892,37.27032852,2016,iNaturalist.org,iNaturalist Research-grade Observations,86,WGS84
Amblyomma americanum,1,-88.93497467,37.37493896,2016,iNaturalist.org,iNaturalist Research-grade Observations,5,WGS84
Amblyomma americanum,1,-88.94535828,37.3719635,2016,iNaturalist.org,iNaturalist Research-grade Observations,211,WGS84
Amblyomma americanum,1,-88.9486084,38.09249878,1984,Canadian Museum of Nature,Canadian Museum of Nature Parasite Collection,20000,WGS84
Amblyomma americanum,1,-88.92673492,37.37366486,2014,iNaturalist.org,iNaturalist Research-grade Observations,1724,WGS84
Amblyomma americanum,1,-89.48239899,38.42639923,1988,Illinois Natural History Survey,Illinois Natural History Survey Insect Collection,20000,WGS84
Amblyomma americanum,1,-88.44329834,42.28150177,1956,Illinois Natural History Survey,Illinois Natural History Survey Insect Collection,20000,WGS84
Amblyomma americanum,1,-89.84780121,40.14969254,2016,iNaturalist.org,iNaturalist Research-grade Observations,15,WGS84
Amblyomma americanum,1,-88.08567,41.85195,2008,20000,"Walter Reed Biosystematics Unit (WRAIR, Division of Entomology)","Rydzewski, J. et al. 2012. Ixodes scapularis (Acari: Ixodidae) Distribution Surveys in the Chicago Metropolitan Region. J. Med. Entomol., 49:955-959",WGS84
Amblyomma americanum,1,-88.08567,41.85195,2008,20000,"Walter Reed Biosystematics Unit (WRAIR, Division of Entomology)","Rydzewski, J. et al. 2012. Ixodes scapularis (Acari: Ixodidae) Distribution Surveys in the Chicago Metropolitan Region. J. Med. Entomol., 49:955-959",WGS84
Amblyomma americanum,1,-88.08567,41.85195,2008,20000,"Walter Reed Biosystematics Unit (WRAIR, Division of Entomology)","Rydzewski, J. et al. 2012. Ixodes scapularis (Acari: Ixodidae) Distribution Surveys in the Chicago Metropolitan Region. J. Med. Entomol., 49:955-959",WGS84
Amblyomma americanum,1,-88.08567,41.85195,2008,20000,"Walter Reed Biosystematics Unit (WRAIR, Division of Entomology)","Rydzewski, J. et al. 2012. Ixodes scapularis (Acari: Ixodidae) Distribution Surveys in the Chicago Metropolitan Region. J. Med. Entomol., 49:955-959",WGS84
Amblyomma americanum,1,-88.08567,41.85195,2009,20000,"Walter Reed Biosystematics Unit (WRAIR, Division of Entomology)","Rydzewski, J. et al. 2012. Ixodes scapularis (Acari: Ixodidae) Distribution Surveys in the Chicago Metropolitan Region. J. Med. Entomol., 49:955-959",WGS84
Amblyomma americanum,1,-88.08567,41.85195,2009,20000,"Walter Reed Biosystematics Unit (WRAIR, Division of Entomology)","Rydzewski, J. et al. 2012. Ixodes scapularis (Acari: Ixodidae) Distribution Surveys in the Chicago Metropolitan Region. J. Med. Entomol., 49:955-959",WGS84
Amblyomma americanum,1,-88.08567,41.85195,2009,20000,"Walter Reed Biosystematics Unit (WRAIR, Division of Entomology)","Rydzewski, J. et al. 2012. Ixodes scapularis (Acari: Ixodidae) Distribution Surveys in the Chicago Metropolitan Region. J. Med. Entomol., 49:955-959",WGS84
Amblyomma americanum,1,-88.08567,41.85195,2009,20000,"Walter Reed Biosystematics Unit (WRAIR, Division of Entomology)","Rydzewski, J. et al. 2012. Ixodes scapularis (Acari: Ixodidae) Distribution Surveys in the Chicago Metropolitan Region. J. Med. Entomol., 49:955-959",WGS84
Amblyomma americanum,1,-88.08567,41.85195,2009,20000,"Walter Reed Biosystematics Unit (WRAIR, Division of Entomology)","Rydzewski, J. et al. 2012. Ixodes scapularis (Acari: Ixodidae) Distribution Surveys in the Chicago Metropolitan Region. J. Med. Entomol., 49:955-959",WGS84
Amblyomma americanum,1,-88.08567,41.85195,2009,20000,"Walter Reed Biosystematics Unit (WRAIR, Division of Entomology)","Rydzewski, J. et al. 2012. Ixodes scapularis (Acari: Ixodidae) Distribution Surveys in the Chicago Metropolitan Region. J. Med. Entomol., 49:955-959",WGS84
Amblyomma americanum,1,-87.86179,42.34941,2008,20000,"Walter Reed Biosystematics Unit (WRAIR, Division of Entomology)","Rydzewski, J. et al. 2012. Ixodes scapularis (Acari: Ixodidae) Distribution Surveys in the Chicago Metropolitan Region. J. Med. Entomol., 49:955-959",WGS84
Amblyomma americanum,1,-87.86179,42.34941,2008,20000,"Walter Reed Biosystematics Unit (WRAIR, Division of Entomology)","Rydzewski, J. et al. 2012. Ixodes scapularis (Acari: Ixodidae) Distribution Surveys in the Chicago Metropolitan Region. J. Med. Entomol., 49:955-959",WGS84
Amblyomma americanum,1,-87.86179,42.34941,2009,20000,"Walter Reed Biosystematics Unit (WRAIR, Division of Entomology)","Rydzewski, J. et al. 2012. Ixodes scapularis (Acari: Ixodidae) Distribution Surveys in the Chicago Metropolitan Region. J. Med. Entomol., 49:955-959",WGS84
Amblyomma americanum,1,-87.86179,42.34941,2009,20000,"Walter Reed Biosystematics Unit (WRAIR, Division of Entomology)","Rydzewski, J. et al. 2012. Ixodes scapularis (Acari: Ixodidae) Distribution Surveys in the Chicago Metropolitan Region. J. Med. Entomol., 49:955-959",WGS84
Amblyomma americanum,1,-87.86179,42.34941,2009,20000,"Walter Reed Biosystematics Unit (WRAIR, Division of Entomology)","Rydzewski, J. et al. 2012. Ixodes scapularis (Acari: Ixodidae) Distribution Surveys in the Chicago Metropolitan Region. J. Med. Entomol., 49:955-959",WGS84
Amblyomma americanum,1,-87.86179,42.34941,2009,20000,"Walter Reed Biosystematics Unit (WRAIR, Division of Entomology)","Rydzewski, J. et al. 2012. Ixodes scapularis (Acari: Ixodidae) Distribution Surveys in the Chicago Metropolitan Region. J. Med. Entomol., 49:955-959",WGS84
Amblyomma americanum,1,-87.86179,42.34941,2009,20000,"Walter Reed Biosystematics Unit (WRAIR, Division of Entomology)","Rydzewski, J. et al. 2012. Ixodes scapularis (Acari: Ixodidae) Distribution Surveys in the Chicago Metropolitan Region. J. Med. Entomol., 49:955-959",WGS84
Amblyomma americanum,1,-87.86179,42.34941,2009,20000,"Walter Reed Biosystematics Unit (WRAIR, Division of Entomology)","Rydzewski, J. et al. 2012. Ixodes scapularis (Acari: Ixodidae) Distribution Surveys in the Chicago Metropolitan Region. J. Med. Entomol., 49:955-959",WGS84
Amblyomma americanum,1,-87.86179,42.34941,2009,20000,"Walter Reed Biosystematics Unit (WRAIR, Division of Entomology)","Rydzewski, J. et al. 2012. Ixodes scapularis (Acari: Ixodidae) Distribution Surveys in the Chicago Metropolitan Region. J. Med. Entomol., 49:955-959",WGS84
Amblyomma americanum,1,-87.86179,42.34941,2009,20000,"Walter Reed Biosystematics Unit (WRAIR, Division of Entomology)","Rydzewski, J. et al. 2012. Ixodes scapularis (Acari: Ixodidae) Distribution Surveys in the Chicago Metropolitan Region. J. Med. Entomol., 49:955-959",WGS84
Amblyomma americanum,1,-88.45245,42.32439,2009,20000,"Walter Reed Biosystematics Unit (WRAIR, Division of Entomology)","Rydzewski, J. et al. 2012. Ixodes scapularis (Acari: Ixodidae) Distribution Surveys in the Chicago Metropolitan Region. J. Med. Entomol., 49:955-959",WGS84
Amblyomma americanum,1,-87.64616,41.8954,2008,20000,"Walter Reed Biosystematics Unit (WRAIR, Division of Entomology)","Rydzewski, J. et al. 2012. Ixodes scapularis (Acari: Ixodidae) Distribution Surveys in the Chicago Metropolitan Region. J. Med. Entomol., 49:955-959",WGS84
Amblyomma americanum,1,-87.64616,41.8954,2009,20000,"Walter Reed Biosystematics Unit (WRAIR, Division of Entomology)","Rydzewski, J. et al. 2012. Ixodes scapularis (Acari: Ixodidae) Distribution Surveys in the Chicago Metropolitan Region. J. Med. Entomol., 49:955-959",WGS84
Amblyomma americanum,1,-87.64616,41.8954,2009,20000,"Walter Reed Biosystematics Unit (WRAIR, Division of Entomology)","Rydzewski, J. et al. 2012. Ixodes scapularis (Acari: Ixodidae) Distribution Surveys in the Chicago Metropolitan Region. J. Med. Entomol., 49:955-959",WGS84
Amblyomma americanum,1,-87.64616,41.8954,2009,20000,"Walter Reed Biosystematics Unit (WRAIR, Division of Entomology)","Rydzewski, J. et al. 2012. Ixodes scapularis (Acari: Ixodidae) Distribution Surveys in the Chicago Metropolitan Region. J. Med. Entomol., 49:955-959",WGS84
Amblyomma americanum,1,-87.64616,41.8954,2009,20000,"Walter Reed Biosystematics Unit (WRAIR, Division of Entomology)","Rydzewski, J. et al. 2012. Ixodes scapularis (Acari: Ixodidae) Distribution Surveys in the Chicago Metropolitan Region. J. Med. Entomol., 49:955-959",WGS84
Amblyomma americanum,1,-87.64616,41.8954,2009,20000,"Walter Reed Biosystematics Unit (WRAIR, Division of Entomology)","Rydzewski, J. et al. 2012. Ixodes scapularis (Acari: Ixodidae) Distribution Surveys in the Chicago Metropolitan Region. J. Med. Entomol., 49:955-959",WGS84
Amblyomma americanum,1,-87.64616,41.8954,2009,20000,"Walter Reed Biosystematics Unit (WRAIR, Division of Entomology)","Rydzewski, J. et al. 2012. Ixodes scapularis (Acari: Ixodidae) Distribution Surveys in the Chicago Metropolitan Region. J. Med. Entomol., 49:955-959",WGS84